WaypointId,Latitude,Longitude
ABLBG,13.843603,120.113717
ABMBS,14.978178,120.488897
AGVAR,19.414106,120.628464
AKOTA,16.462028,117.20675
ALDIN,9.116997,123.301075
ALDIS,18.5979,119.663611
ALPAS,15.486294,120.731181
AMRON,9.8379,119.076219
ANIMU,5.747342,125.133075
ANKUR,6.658083,121.001386
ARESI,13.973333,114.45
ARITA,14.924456,120.398003
AROLA,9.60015,123.577833
ARTEM,8.562531,124.643214
ASOBA,17.371711,114.571439
ASTUR,10.617564,123.697572
ATBUD,15.900519,114.617792
ATRIA,11.364192,122.979897
AVMUP,17.993347,118.958633
BABAN,15.513392,120.474431
BACON,9.749669,124.612622
BAHAR,4.0,132.5
BALAY,13.902681,120.728347
BALIN,8.794961,124.787203
BALOD,10.953192,124.709894
BANGA,6.401264,124.829278
BANGI,14.708556,121.379161
BANOS,14.234108,121.219272
BANWA,10.821628,125.109483
BARAS,11.078267,125.420244
BARBA,11.061269,122.278961
BATAN,14.660253,120.559303
BATAY,11.138694,123.845311
BAYAN,14.831336,120.655697
BEDIP,17.543044,123.625411
BETEL,14.177261,120.179464
BIDOR,4.0,131.5
BIGBI,15.511264,120.378711
BISIG,21.004531,125.264997
BOHOL,9.571681,124.379603
BORGA,14.383264,120.702933
BUCAL,13.599889,120.582228
BUNGA,11.340331,122.906308
BURCO,7.340819,122.101517
BURIA,5.660211,125.143931
CABRE,9.910125,119.3188
CADIZ,11.016814,123.314475
CALDO,14.560417,119.332567
CAMBA,14.324061,121.249286
CARLO,10.631914,123.322
CGGO01,8.447842,124.618542
CGGO04,8.3499,124.5963
CGGO05,8.348267,124.595928
CGGO07,8.515228,124.519108
CGGO14,8.285536,124.714947
CGGO15,8.577431,124.652694
CGGO18,8.472553,124.559497
CGGO19,8.350422,124.594022
CGGO22,8.451581,124.617475
CGGO23,8.440031,124.616747
CGGO30,8.480942,124.571308
CGGO42,8.48735,124.585764
CGGO53,8.543664,124.593367
CGGO67,8.527042,124.595417
CGGO68,8.251889,124.644103
CGGO75,8.524936,124.6361
CGGO93,8.541319,124.638292
CGGO98,8.256425,124.557208
CIA02,15.164539,120.554511
CIA07,15.306989,120.609442
CIA08,15.051508,120.511275
CIA09,15.042872,120.558044
CIA16,15.149942,120.693144
CIA47,15.046497,120.654436
CIA57,15.232456,120.632917
CIA66,15.024481,120.602294
CIA80,15.211369,120.572239
CIA90,15.303933,120.6583
COBOL,9.478189,124.046983
COGEL,6.813047,122.459219
CONDE,13.685917,121.612897
CURIM,18.012547,120.509331
DABGI,14.177869,114.672811
DADNU,17.836164,122.230519
DAHOY,9.942686,124.184169
DAO01,7.142919,125.667069
DAO10,7.1085,125.624939
DAO11,7.14245,125.666436
DAO22,7.107561,125.625725
DAO48,7.198472,125.728744
DAO50,7.077419,125.589769
DAO59,7.195692,125.730114
DAO60,7.196203,125.730725
DAO77,7.049308,125.5543
DAO78,7.047272,125.553819
DARAG,11.580872,124.791608
DAYAN,5.913147,125.114997
DELOR,10.739047,123.259383
DEMSA,18.406367,120.060672
DIAMO,8.778689,124.399647
DILAN,14.490522,120.76465
DILIS,14.518636,126.001419
DIMLO,9.517469,124.249603
DIPID,17.684581,120.620933
DIXON,15.115142,120.287542
DODUG,11.950836,114.742722
DOHER,14.307256,120.746831
DOSUS,14.401131,119.507908
EDCON,10.19515,123.868781
EDLOR,6.867217,125.860231
EMPUL,13.995003,114.6786
ENDAX,14.25,130.0
ESCAN,15.685169,120.673128
EXORA,14.059694,119.882433
FLORA,6.904175,122.25665
FONSO,15.081333,120.951503
FORTA,9.374706,124.05425
GALER,13.537778,121.287692
GAMAN,10.045131,118.895025
GARAY,14.912322,121.148872
GITAG,8.732469,124.334139
GONIL,8.343469,125.023231
GORAI,4.0,120.733333
GOSTO,6.972419,122.471731
GSA07,6.192308,125.080353
GSA10,6.223533,125.17075
GSA17,6.037708,125.098706
GSA23,6.107728,125.090381
GSA28,6.121808,124.931353
GSA32,6.205811,124.986875
GSA35,6.092356,125.090728
GSA48,6.190339,125.067833
GSA49,6.239481,125.057392
GSA73,5.90945,125.112569
GSA89,6.217492,125.077367
GSA90,6.216172,125.068053
GUKUM,14.195556,116.917178
GULFO,10.3821,122.706422
GURAG,21.0,127.416667
IBAGO,13.543822,121.309517
IBOBI,14.311667,118.335814
IGANG,10.419231,122.445306
INDAN,14.190242,120.867511
IPATA,13.865947,121.813344
ISGOG,9.245,130.0
JAGIS,9.924122,118.470019
KABAM,21.0,119.88
KABAN,14.155186,121.457672
KABAY,6.445336,125.288619
KAMBE,6.189419,124.689622
KANDU,15.414317,122.650139
KANON,10.677522,123.226194
KAPOH,18.679308,120.569167
KARAG,14.433028,119.945536
KATAN,8.090831,124.874222
KAWIT,10.771883,124.504847
KEERO,14.232197,120.318678
KIBOK,14.984922,120.398003
KINLA,17.680017,120.469964
KLAFU,7.341944,125.393269
LABAY,14.387253,122.044856
LAIYA,13.571908,121.394567
LAMBO,11.162089,122.350942
LAMOK,9.899319,123.749753
LAO03,18.12885,120.523578
LAO06,18.078892,120.518089
LAO07,18.294869,120.546147
LAO14,18.155492,120.526506
LAO24,18.2186,120.534922
LAO60,18.278289,120.543706
LAO84,18.038925,120.5137
LATIA,6.904756,124.921244
LEGED,13.020344,119.001928
LEMAP,18.057075,120.649131
LIBON,10.031767,124.300728
LINAO,7.261983,124.847542
LOPEZ,13.921467,122.202047
LOWAY,9.4764,123.995594
LULBU,11.160022,116.53825
LUNDO,8.016972,124.481
MABID,9.995158,124.092969
MALAG,12.372111,124.257361
MALAY,14.425075,121.283083
MALIB,15.684789,120.495758
MANOK,10.658447,123.748617
MARAN,10.233817,120.416036
MARIO,10.455608,124.131831
MASAG,11.499386,124.699653
MASUN,7.300431,121.870625
MAVRA,17.777836,116.501994
MCT08,10.412611,124.083272
MCT09,10.371567,124.113978
MCT12,10.4532,124.134414
MCT17,10.436,123.872939
MCT20,10.200372,123.937425
MCT26,10.326525,123.998031
MCT27,10.287764,123.960039
MCT32,10.4508,123.891208
MCT35,10.478567,123.9589
MCT46,10.333339,124.008975
MCT60,10.383344,124.061289
MCT67,10.374936,124.136267
MCT73,10.347814,124.101494
MCT78,10.226756,123.899711
MCT79,10.186031,123.940667
MCT87,10.386931,123.836292
MCT98,10.412236,124.083658
MCTNB,10.309233,123.984417
MEGOM,6.715406,125.432311
MEVIN,21.0,122.55
MIA06,14.708692,121.379406
MIA07,14.566572,121.125989
MIA08,14.541464,121.081303
MIA09,14.5341,121.174139
MIA12,14.608403,121.200489
MIA17,14.650206,121.275017
MIA20,14.675278,121.319747
MIA22,14.387456,120.902369
MIA26,14.492281,120.992439
MIA60,14.523036,121.048519
MIA73,14.577936,121.135214
MIA78,14.431669,120.889094
MIA80,14.520319,121.038481
MIGEL,15.053733,121.053217
MIKIN,19.335206,118.109758
MINDA,14.468886,120.451564
MINIO,18.595514,120.822211
MINOR,12.368331,122.2345
MOLLY,4.0,123.718333
MOLOC,11.003136,123.508394
MOROT,3.551547,132.086583
MUMOT,19.028583,117.789725
MUNTI,14.881444,121.688556
MUPOB,15.636614,123.054969
NABAL,15.471392,120.523486
NANAS,9.790514,122.985081
NATIB,14.7131,120.398003
NIBAT,7.464778,125.623447
NOBEN,12.786703,116.740172
NOYAN,10.405822,121.004294
OCORO,10.5184,121.39155
OLIVA,14.949378,120.722344
OLONG,14.601008,120.086425
OLRAX,13.3162,120.445703
OMDOB,17.118136,126.550753
OPOLO,8.813919,124.479461
ORDEP,6.835644,125.496375
PABLO,14.083431,121.327697
PACIN,10.593111,124.303061
PAKAN,6.485617,125.007678
PALAY,9.994342,122.397636
PALOS,11.028522,120.015689
PAMKI,17.813383,120.888756
PANDA,10.492592,122.794589
PANDI,11.635,114.0
PARAL,7.289242,122.261569
PARAO,10.921283,123.406275
PAYAD,15.566814,120.411594
PAYAS,18.014072,120.559747
PEDNO,4.0,125.35
PIKAN,10.719281,122.087181
PILAS,6.822267,121.649303
POLIO,15.018469,121.909761
PONSO,10.872333,124.6184
POTIB,21.0,120.758333
POTON,10.938736,122.599739
POXEL,4.652522,130.926719
PR093,9.741389,118.786919
PR303,9.786917,118.682156
PUSIT,10.998739,121.299739
R0010,14.799211,120.283139
R1796,14.498558,121.001422
R1797,14.513833,121.028911
R1798,10.318175,123.990094
R1991,6.072608,125.094431
R2389,7.134372,125.656069
R2585,15.174367,120.557844
R2587,15.201361,120.568544
R2683,7.116675,125.635489
R2816,10.296953,123.968783
R2861,6.923208,122.047856
R3711,8.426433,124.613717
R3712,8.405969,124.609
R5011,14.789686,120.259592
RABIV,7.391542,125.442914
RADEG,14.872597,120.913769
RAGAY,13.729725,122.584119
RASEC,10.289042,123.522233
RAVIA,10.852786,122.883039
RAYAT,15.117864,120.817625
REKEL,13.590444,118.708864
RIANO,15.350831,120.817625
RINAL,14.810458,120.431358
RODAT,14.980047,121.32705
ROSER,15.373097,120.638172
SABEL,10.257092,123.001853
SADAN,4.0,128.083333
SADOK,10.922019,125.310761
SAGRA,12.369906,122.548756
SAMAT,14.565869,120.506111
SANGI,10.430219,123.744622
SARSI,16.726769,123.248881
SBA07,14.739494,120.154097
SBA21,14.563894,120.077214
SBA22,14.592003,120.042769
SBA23,14.632764,120.008811
SBA24,14.663383,119.991336
SBA30,15.088428,120.414567
SBA36,14.936986,120.225072
SBA40,15.051561,120.468642
SBA46,14.943939,120.410828
SBA51,14.813556,120.313389
SBA55,14.542033,120.334006
SBA60,14.953492,120.553083
SBA65,14.851647,120.391931
SEBUL,6.229336,124.547847
SELSO,4.0,126.265
SHREE,5.65,131.156667
SIKIN,9.025861,124.078928
SILAG,14.42155,119.786761
SIRCA,14.46065,120.333969
SIVAL,7.428603,125.499631
SKATE,17.369769,124.426822
SOMAR,14.405653,118.287003
SURAH,6.326181,124.757064
SUSIE,14.103025,120.139061
TAALA,14.046908,121.02635
TABUL,6.543503,121.882297
TAC10,11.393706,125.069911
TAC29,11.183503,125.023419
TAC78,11.101575,125.019072
TADAG,10.26865,123.144161
TADAO,18.387219,120.675464
TADEL,15.414131,120.432861
TAGPI,12.367836,125.360114
TALIM,14.356586,121.328114
TAMSI,11.63405,125.143933
TANAL,6.561186,122.263256
TANAY,14.557231,121.344272
TAPAP,13.251553,121.034269
TAPER,12.365744,121.827531
TARA,14.409603,120.839206
TAREM,15.674278,120.286197
TARTA,15.035686,121.121967
TBOLI,6.135358,124.8811
TEGID,8.948333,115.861667
TELEN,12.888278,120.7138
TELMO,9.969186,118.859478
TENON,9.274456,116.307014
TIKAL,8.005667,124.693944
TIMON,14.052625,121.939636
TINDO,7.336481,121.979853
TINIO,15.298717,120.817625
TOKON,11.700536,119.674692
TORES,6.921689,121.855228
TOSOV,10.352731,117.803906
TUBIG,9.895881,124.017647
TUBUR,10.726144,123.9169
VAVUM,11.495836,114.765189
VERDE,13.503675,121.031764
VICTA,10.974431,123.121356
VILAR,15.156278,120.251133
VIMAG,6.026667,118.543333
VINIK,8.641667,116.23
VOTAS,14.710572,120.884503
ZAM19,6.924694,122.023642
ZAM23,6.921656,122.035992
ZAM24,6.771703,121.987344
ZAM40,6.857708,122.055483
ZAM64,6.921822,121.952194
ZAM75,6.924678,121.929797
ZULU,14.592108,121.176508
ZULUR,14.618617,119.734522
